2024-12-01 17:16:35, Missing Person, Unknown, 37.7749, -122.4194
2024-12-01 17:16:46, Missing Person, Unknown, 37.7749, -122.4194
2024-12-01 17:16:55, Missing Person, Unknown, 37.7749, -122.4194
2024-12-01 17:17:04, Missing Person, Unknown, 37.7749, -122.4194
2024-12-01 17:17:09, Missing Person, Unknown, 37.7749, -122.4194
2024-12-01 17:17:14, Missing Person, Unknown, 37.7749, -122.4194
2024-12-01 17:17:29, Missing Person, Unknown, 37.7749, -122.4194
2024-12-01 17:17:34, Missing Person, Unknown, 37.7749, -122.4194
2024-12-01 17:17:39, Missing Person, Unknown, 37.7749, -122.4194
2024-12-01 17:17:44, Missing Person, Unknown, 37.7749, -122.4194
2024-12-01 17:17:50, Missing Person, Unknown, 37.7749, -122.4194
2024-12-01 17:17:57, Missing Person, Unknown, 37.7749, -122.4194
2024-12-01 17:18:03, Missing Person, Unknown, 37.7749, -122.4194
2024-12-01 17:18:08, Missing Person, Unknown, 37.7749, -122.4194
2024-12-01 17:18:13, Missing Person, Unknown, 37.7749, -122.4194
2024-12-01 17:18:18, Missing Person, Unknown, 37.7749, -122.4194
2024-12-01 17:18:24, Missing Person, Unknown, 37.7749, -122.4194
2024-12-01 17:18:30, Missing Person, Unknown, 37.7749, -122.4194
2024-12-01 17:18:48, Missing Person, Unknown, 37.7749, -122.4194
2024-12-01 17:18:55, Missing Person, Unknown, 37.7749, -122.4194
2024-12-01 17:19:03, Missing Person, Unknown, 37.7749, -122.4194
2024-12-01 17:19:15, Missing Person, Unknown, 37.7749, -122.4194
2024-12-01 17:20:09, Missing Person, Unknown, 37.7749, -122.4194
2024-12-01 17:20:14, Missing Person, Unknown, 37.7749, -122.4194
2024-12-01 17:20:22, Missing Person, Unknown, 37.7749, -122.4194
2024-12-01 17:20:32, Missing Person, Unknown, 37.7749, -122.4194
2024-12-01 17:20:40, Missing Person, Unknown, 37.7749, -122.4194
2024-12-01 17:20:48, Missing Person, Unknown, 37.7749, -122.4194
2024-12-01 17:20:57, Missing Person, Unknown, 37.7749, -122.4194
2024-12-01 17:21:05, Missing Person, Unknown, 37.7749, -122.4194
2024-12-01 17:21:13, Missing Person, Unknown, 37.7749, -122.4194
2024-12-01 17:21:21, Missing Person, Unknown, 37.7749, -122.4194
2024-12-01 17:21:29, Missing Person, Unknown, 37.7749, -122.4194
2024-12-01 17:21:41, Missing Person, Unknown, 37.7749, -122.4194
2024-12-01 17:21:49, Missing Person, Unknown, 37.7749, -122.4194
2024-12-01 17:21:57, Missing Person, Unknown, 37.7749, -122.4194
2024-12-01 17:22:05, Missing Person, Unknown, 37.7749, -122.4194
2024-12-01 17:22:34, Missing Person, Unknown, 37.7749, -122.4194
2024-12-01 17:22:54, Missing Person, Unknown, 37.7749, -122.4194
2024-12-01 17:23:33, Missing Person, Unknown, 37.7749, -122.4194
2024-12-01 17:24:20, Missing Person, Unknown, 37.7749, -122.4194
2024-12-01 17:24:28, Missing Person, Unknown, 37.7749, -122.4194
2024-12-01 17:24:36, Missing Person, Unknown, 37.7749, -122.4194
2024-12-01 17:24:52, Missing Person, Unknown, 37.7749, -122.4194
2024-12-01 17:25:01, Missing Person, Unknown, 37.7749, -122.4194
2024-12-01 17:25:16, Missing Person, Unknown, 37.7749, -122.4194
2024-12-01 17:25:24, Missing Person, Unknown, 37.7749, -122.4194
2024-12-01 17:25:49, Missing Person, Unknown, 37.7749, -122.4194
2024-12-01 17:25:57, Missing Person, Unknown, 37.7749, -122.4194
2024-12-01 17:26:13, Missing Person, Unknown, 37.7749, -122.4194
2024-12-01 17:26:21, Missing Person, Unknown, 37.7749, -122.4194
2024-12-01 17:26:29, Missing Person, Unknown, 37.7749, -122.4194
2024-12-01 17:26:38, Missing Person, Unknown, 37.7749, -122.4194
2024-12-01 17:26:46, Missing Person, Unknown, 37.7749, -122.4194
2024-12-01 17:26:55, Missing Person, Unknown, 37.7749, -122.4194
2024-12-01 17:27:03, Missing Person, Unknown, 37.7749, -122.4194
2024-12-01 17:27:12, Missing Person, Unknown, 37.7749, -122.4194
2024-12-01 17:29:35, Missing Person, Unknown, 37.7749, -122.4194
2024-12-01 17:29:42, Missing Person, Unknown, 37.7749, -122.4194
2024-12-01 17:29:55, Missing Person, Unknown, 37.7749, -122.4194
2024-12-01 17:30:19, Missing Person, Unknown, 37.7749, -122.4194
2024-12-01 17:30:24, Missing Person, Unknown, 37.7749, -122.4194
2024-12-01 17:30:31, Missing Person, Unknown, 37.7749, -122.4194
2024-12-01 17:30:36, Missing Person, Unknown, 37.7749, -122.4194
2024-12-01 17:45:19, Missing Person, Unknown, 37.7749, -122.4194
2024-12-01 17:45:25, Missing Person, Unknown, 37.7749, -122.4194
2024-12-01 17:45:34, Missing Person, Unknown, 37.7749, -122.4194
2024-12-01 17:45:43, Missing Person, Unknown, 37.7749, -122.4194
2024-12-01 17:45:52, Missing Person, Unknown, 37.7749, -122.4194
2024-12-01 17:46:10, Missing Person, Unknown, 37.7749, -122.4194
2024-12-01 17:46:18, Missing Person, Unknown, 37.7749, -122.4194
2024-12-02 01:13:02, Missing Person, Unknown, 37.7749, -122.4194
2024-12-02 01:13:12, Missing Person, Unknown, 37.7749, -122.4194
2024-12-02 01:13:21, Missing Person, Unknown, 37.7749, -122.4194
2024-12-02 01:13:29, Missing Person, Unknown, 37.7749, -122.4194
2024-12-02 01:13:41, Missing Person, Unknown, 37.7749, -122.4194
2024-12-02 01:13:52, Missing Person, Unknown, 37.7749, -122.4194
2024-12-02 01:13:57, Criminal, cc, 37.7749, -122.4194
2024-12-02 01:14:13, Criminal, rj, 37.7749, -122.4194
2024-12-02 01:14:26, Criminal, cc, 37.7749, -122.4194
2024-12-02 01:14:40, Criminal, rj, 37.7749, -122.4194
2024-12-02 01:15:50, Criminal, cc, 37.7749, -122.4194
2024-12-02 01:16:05, Criminal, rj, 37.7749, -122.4194
2024-12-02 01:16:21, Criminal, cc, 37.7749, -122.4194
2024-12-02 01:16:35, Criminal, rj, 37.7749, -122.4194
2024-12-02 01:16:42, Criminal, cc, 37.7749, -122.4194
2024-12-02 01:16:52, Criminal, rj, 37.7749, -122.4194
2024-12-02 01:16:58, Criminal, cc, 37.7749, -122.4194
2024-12-02 01:17:09, Criminal, rj, 37.7749, -122.4194
2024-12-02 01:18:07, Missing Person, Unknown, 37.7749, -122.4194
2024-12-02 01:18:15, Missing Person, Unknown, 37.7749, -122.4194
2024-12-02 01:18:33, Missing Person, Unknown, 37.7749, -122.4194
2024-12-02 01:18:46, Missing Person, Unknown, 37.7749, -122.4194
2024-12-02 01:19:02, Missing Person, Unknown, 37.7749, -122.4194
2024-12-02 01:33:32, Criminal, cc, 37.7749, -122.4194
2024-12-02 01:33:47, Criminal, rj, 37.7749, -122.4194
2024-12-02 01:33:56, Criminal, cc, 37.7749, -122.4194
2024-12-02 01:34:05, Criminal, rj, 37.7749, -122.4194
2024-12-02 01:34:11, Criminal, cc, 37.7749, -122.4194
2024-12-02 01:34:20, Criminal, rj, 37.7749, -122.4194
2024-12-02 01:35:15, Criminal, cc, 37.7749, -122.4194
2024-12-02 01:36:29, Criminal, danishssss, 37.7749, -122.4194
2024-12-02 01:38:23, Missing Person, Unknown, 37.7749, -122.4194
2024-12-02 01:38:29, Missing Person, Unknown, 37.7749, -122.4194
2024-12-02 01:38:36, Missing Person, Unknown, 37.7749, -122.4194
2024-12-02 01:38:41, Missing Person, Unknown, 37.7749, -122.4194
2024-12-02 01:38:55, Missing Person, Unknown, 37.7749, -122.4194
2024-12-03 15:03:47, Missing Person, Unknown, 37.7749, -122.4194
2024-12-03 15:04:11, Missing Person, Unknown, 37.7749, -122.4194
2024-12-03 15:04:20, Missing Person, Unknown, 37.7749, -122.4194
2024-12-03 15:04:29, Missing Person, Unknown, 37.7749, -122.4194
2024-12-03 15:04:37, Missing Person, Unknown, 37.7749, -122.4194
2024-12-03 15:05:13, Missing Person, Unknown, 37.7749, -122.4194
2024-12-03 15:05:21, Missing Person, Unknown, 37.7749, -122.4194
2024-12-03 15:05:30, Missing Person, Unknown, 37.7749, -122.4194
2024-12-03 15:05:39, Missing Person, Unknown, 37.7749, -122.4194
2024-12-03 15:05:51, Missing Person, Unknown, 37.7749, -122.4194
2024-12-03 15:05:58, Missing Person, Unknown, 37.7749, -122.4194
2024-12-03 15:06:05, Missing Person, Unknown, 37.7749, -122.4194
2024-12-03 15:06:13, Missing Person, Unknown, 37.7749, -122.4194
2024-12-03 15:06:20, Missing Person, Unknown, 37.7749, -122.4194
